Economy,Year,GDP,SteelConsumption,Population
01_AUS,1990.0,515.3176260493769,5511000.0,17.042
03_CDA,1990.0,916.5548409075647,11222000.0,27.691999999999997
04_CHL,1990.0,125.464694297763,930000.0,13.242
05_PRC,1990.0,1825.7958390498059,68634000.0,1172.4460000000001
06_HKC,1990.0,162.13632654424458,2026000.0,5.782
07_INA,1990.0,884.2749564020372,4690000.0,181.437
08_JPN,1990.0,3980.9227381228943,99032000.0,124.516
09_ROK,1990.0,525.4576235542752,21478000.0,42.923
10_MAS,1990.0,200.55412257474308,2938000.0,18.038
11_MEX,1990.0,940.5093842977685,8257000.0,85.35799999999999
12_NZ,1990.0,83.052842336916,680000.0,3.3989999999999996
14_PE,1990.0,122.1844728011287,425000.0,21.826999999999998
15_RP,1990.0,261.7603085719227,2316000.0,61.948
17_SIN,1990.0,110.27203305047426,3453000.0,3.013
18_CT,1990.0,371.75037451415466,15350000.0,20.311
19_THA,1990.0,396.5059375763737,6783000.0,56.583
20_USA,1990.0,9748.318566926584,103052000.0,252.53
21_VN,1990.0,104.42134026464936,215000.0,68.21
01_AUS,1991.0,513.3205306995841,5294000.0,17.272000000000002
03_CDA,1991.0,897.0717058391659,10688000.0,28.045
04_CHL,1991.0,135.25645109624097,1131000.0,13.457
05_PRC,1991.0,1995.4866903556065,70863000.0,1189.184
06_HKC,1991.0,171.38129793074796,2301000.0,5.854
07_INA,1991.0,945.3958896108239,4479000.0,184.61599999999999
08_JPN,1991.0,4116.970643786462,99151000.0,124.94
09_ROK,1991.0,579.86325028895,26068000.0,43.378
10_MAS,1991.0,219.6979509900228,4137000.0,18.53
11_MEX,1991.0,980.2200485078309,9072000.0,87.071
12_NZ,1991.0,81.68866179036993,538000.0,3.446
14_PE,1991.0,124.89606283596486,552000.0,22.283
15_RP,1991.0,260.2464580042893,2076000.0,63.508
17_SIN,1991.0,117.64600794752633,3631000.0,3.097
18_CT,1991.0,399.4258513876652,18920000.0,20.518
19_THA,1991.0,430.4399479033422,7114000.0,57.258
20_USA,1991.0,9741.096570863929,89599000.0,254.975
21_VN,1991.0,110.6457333892697,263000.0,69.67
01_AUS,1992.0,515.5925686283554,5120000.0,17.486
03_CDA,1992.0,904.9926339347306,11160000.0,28.385
04_CHL,1992.0,150.36014368138814,1440000.0,13.671
05_PRC,1992.0,2279.168342538583,85856000.0,1204.004
06_HKC,1992.0,182.0668115952936,2233000.0,5.92
07_INA,1992.0,1006.8230491481032,4452000.0,187.766
08_JPN,1992.0,4151.8854194860505,84040000.0,125.34100000000001
09_ROK,1992.0,615.6727382845621,23238000.0,43.853
10_MAS,1992.0,239.21837310386329,4532000.0,19.012999999999998
11_MEX,1992.0,1015.7888887057768,9431000.0,88.82799999999999
12_NZ,1992.0,82.72324666990603,619000.0,3.5039999999999996
14_PE,1992.0,124.2209882199155,508000.0,22.737
15_RP,1992.0,261.12505793249915,2666000.0,65.075
16_RUS,1992.0,2617.208589481355,59057000.0,148.31799999999998
17_SIN,1992.0,125.98428751879324,3399000.0,3.1889999999999996
18_CT,1992.0,429.4839265359943,21300000.0,20.717
19_THA,1992.0,465.2340791003196,8568000.0,57.838
20_USA,1992.0,10087.431143085003,97372000.0,257.455
21_VN,1992.0,120.21221601008259,485000.0,71.13
01_AUS,1993.0,536.4177591440542,5757000.0,17.688
03_CDA,1993.0,929.0223230891361,12714000.0,28.711
04_CHL,1993.0,160.26704850983708,1607000.0,13.883
05_PRC,1993.0,2595.23374497076,129420000.0,1217.129
06_HKC,1993.0,193.35708280939014,4091000.0,5.984
07_INA,1993.0,1072.2303834715538,5833000.0,190.88
08_JPN,1993.0,4130.381980864649,80589000.0,125.71700000000001
09_ROK,1993.0,657.8262740418855,26710000.0,44.341
10_MAS,1993.0,262.8888956244558,5592000.0,19.495
11_MEX,1993.0,1321.2310835923656,8745000.0,90.601
12_NZ,1993.0,88.12741370470958,726000.0,3.565
14_PE,1993.0,130.73461139699359,634000.0,23.184
15_RP,1993.0,266.6512662800613,3069000.0,66.65
16_RUS,1993.0,2390.3348070809616,39747000.0,148.431
17_SIN,1993.0,140.51958288176309,4156000.0,3.2880000000000003
18_CT,1993.0,455.9600185259515,25110000.0,20.903000000000002
19_THA,1993.0,503.62074358725965,8055000.0,58.365
20_USA,1993.0,10364.417548894113,104356000.0,260.02
21_VN,1993.0,129.91662442552663,899000.0,72.561
01_AUS,1994.0,557.759321916292,6326000.0,17.883
03_CDA,1994.0,970.7677053797896,15324000.0,29.026999999999997
04_CHL,1994.0,168.32879834245458,1549000.0,14.091
05_PRC,1994.0,2933.967772577387,118515000.0,1228.992
06_HKC,1994.0,205.02834621331837,4474000.0,6.055
07_INA,1994.0,1153.0762444626316,5281000.0,193.945
08_JPN,1994.0,4171.3994149926975,79333000.0,126.06299999999999
09_ROK,1994.0,718.3866917531199,32188000.0,44.826
10_MAS,1994.0,287.10633060175326,5302000.0,19.987000000000002
11_MEX,1994.0,1386.5141773449234,11101000.0,92.34899999999999
12_NZ,1994.0,92.72448439227699,844000.0,3.623
14_PE,1994.0,146.82590609806903,815000.0,23.619
15_RP,1994.0,278.35091947902316,3114000.0,68.236
16_RUS,1994.0,2089.875554735868,21037000.0,148.412
17_SIN,1994.0,155.8719882367333,4089000.0,3.385
18_CT,1994.0,488.0647027058031,22980000.0,21.074
19_THA,1994.0,543.8948152816097,11375000.0,58.901
20_USA,1994.0,10782.895772582568,117471000.0,262.741
21_VN,1994.0,141.3999301125016,552000.0,73.925
01_AUS,1995.0,579.1179831076207,6256000.0,18.077
03_CDA,1995.0,996.7620341174236,15047000.0,29.33
04_CHL,1995.0,183.3661079318804,1683000.0,14.297
05_PRC,1995.0,3255.214575049436,99944000.0,1239.94
06_HKC,1995.0,209.89528500709355,3404000.0,6.14
07_INA,1995.0,1247.8591970739742,7262000.0,196.958
08_JPN,1995.0,4285.785040347049,84340000.0,126.376
09_ROK,1995.0,787.1406381589267,37306000.0,45.298
10_MAS,1995.0,315.32625639541175,8313000.0,20.496
11_MEX,1995.0,1299.2853700808623,8423000.0,94.045
12_NZ,1995.0,96.96868500519554,908000.0,3.675
14_PE,1995.0,157.70775403084983,1152000.0,24.039
15_RP,1995.0,291.3741022908218,4686000.0,69.836
16_RUS,1995.0,2003.280967482116,21894000.0,148.289
17_SIN,1995.0,166.82674303721762,4993000.0,3.4789999999999996
18_CT,1995.0,516.0127589501311,24090000.0,21.229
19_THA,1995.0,588.0604984377845,11958000.0,59.49100000000001
20_USA,1995.0,11076.080097968677,112583000.0,265.659
21_VN,1995.0,154.89016241220884,752000.0,75.199
01_AUS,1996.0,601.5798342986807,6400000.0,18.272000000000002
03_CDA,1996.0,1012.8203492369572,15300000.0,29.622
04_CHL,1996.0,195.84035131940846,2159000.0,14.498
05_PRC,1996.0,3578.404402536425,111934000.0,1249.981
06_HKC,1996.0,218.83390895017732,4563000.0,6.242000000000001
07_INA,1996.0,1345.419163555132,7675000.0,199.91400000000002
08_JPN,1996.0,4418.6443462016805,84400000.0,126.654
09_ROK,1996.0,846.9201054694846,39400000.0,45.757
10_MAS,1996.0,346.86739797285986,8705000.0,21.023000000000003
11_MEX,1996.0,1387.2893293755874,11924000.0,95.68700000000001
12_NZ,1996.0,100.22484955385592,916000.0,3.717
14_PE,1996.0,162.12195160986772,856000.0,24.441
15_RP,1996.0,308.4074636415246,4992000.0,71.446
16_RUS,1996.0,1931.1628526438064,19600000.0,148.07399999999998
17_SIN,1996.0,179.39202306798032,4872000.0,3.5660000000000003
18_CT,1996.0,541.8761508604206,21610000.0,21.364
19_THA,1996.0,621.2998768159163,9684000.0,60.152
20_USA,1996.0,11496.514943363645,119867000.0,268.803
21_VN,1996.0,169.35693068107847,1703000.0,76.373
01_AUS,1997.0,625.4410201081226,6500000.0,18.468
03_CDA,1997.0,1056.1671604706642,17700000.0,29.903000000000002
04_CHL,1997.0,210.38715681479906,2321000.0,14.695
05_PRC,1997.0,3908.7186550782453,114721000.0,1259.067
06_HKC,1997.0,229.993805177328,5116000.0,6.357
07_INA,1997.0,1408.6522343194315,7486000.0,202.827
08_JPN,1997.0,4466.1909581054415,85500000.0,126.902
09_ROK,1997.0,897.076284851512,39900000.0,46.202
10_MAS,1997.0,372.2676021039283,8848000.0,21.566
11_MEX,1997.0,1482.2749804350512,14438000.0,97.28200000000001
12_NZ,1997.0,103.24001131398529,780000.0,3.752
14_PE,1997.0,172.62230576320846,1160000.0,24.828000000000003
15_RP,1997.0,324.3995079161176,4601000.0,73.065
16_RUS,1997.0,1958.199132568476,18600000.0,147.769
17_SIN,1997.0,194.26562685909678,5611000.0,3.65
18_CT,1997.0,571.7293062429907,25240000.0,21.484
19_THA,1997.0,604.191821944506,8366000.0,60.863
20_USA,1997.0,12012.366614663313,124017000.0,272.137
21_VN,1997.0,183.16305017270162,1720000.0,77.454
01_AUS,1998.0,654.0658254762316,6600000.0,18.665
03_CDA,1998.0,1097.1650257962758,18200000.0,30.178
04_CHL,1998.0,219.4855166624309,2214000.0,14.887
05_PRC,1998.0,4215.068932435674,122939000.0,1267.442
06_HKC,1998.0,216.4640226913534,4961000.0,6.473
07_INA,1998.0,1223.7423223780168,3626000.0,205.715
08_JPN,1998.0,4415.794020358305,72500000.0,127.12799999999999
09_ROK,1998.0,847.9952743932066,25800000.0,46.626999999999995
10_MAS,1998.0,344.8708836412943,4471000.0,22.114
11_MEX,1998.0,1558.818551207984,16832000.0,98.822
12_NZ,1998.0,104.34066552875359,740000.0,3.784
14_PE,1998.0,171.9464246063992,1436000.0,25.2
15_RP,1998.0,322.52863708352817,3257000.0,74.694
16_RUS,1998.0,1854.4145785679762,18400000.0,147.381
17_SIN,1998.0,189.94277035045158,4820000.0,3.7319999999999998
18_CT,1998.0,593.0325290122701,24220000.0,21.596
19_THA,1998.0,558.0694276353637,4187000.0,61.598
20_USA,1998.0,12546.906233599084,135145000.0,275.543
21_VN,1998.0,193.72140262631993,2123000.0,78.453
01_AUS,1999.0,686.8872668259597,6600000.0,18.864
03_CDA,1999.0,1153.8139699999765,18200000.0,30.454
04_CHL,1999.0,218.58102526107223,1737000.0,15.077
05_PRC,1999.0,4538.2587599226645,136181000.0,1275.407
06_HKC,1999.0,221.89012156515182,5037000.0,6.579
07_INA,1999.0,1233.4236670668029,3546000.0,208.612
08_JPN,1999.0,4404.668238677392,71000000.0,127.336
09_ROK,1999.0,943.8918502581674,35200000.0,47.023
10_MAS,1999.0,366.03772041718435,6158000.0,22.656
11_MEX,1999.0,1601.7414656353146,17623000.0,100.3
12_NZ,1999.0,109.75984825905493,830000.0,3.819
14_PE,1999.0,174.51687000825012,929000.0,25.561
15_RP,1999.0,332.46870023759635,3589000.0,76.335
16_RUS,1999.0,1973.0971115982534,21589000.0,146.92
17_SIN,1999.0,201.52017062375046,3706000.0,3.819
18_CT,1999.0,628.6669637695078,24470000.0,21.711
19_THA,1999.0,583.5860269716602,6909000.0,62.306999999999995
20_USA,1999.0,13134.753835321817,127857000.0,278.862
21_VN,1999.0,202.96886208695085,2538000.0,79.391
01_AUS,2000.0,713.9725305391428,6100000.0,19.066
03_CDA,2000.0,1213.6125745394295,19800000.0,30.736
04_CHL,2000.0,230.2247018726185,1977000.0,15.263
05_PRC,2000.0,4923.625387888118,138086000.0,1283.1989999999998
06_HKC,2000.0,238.89460010865537,5223000.0,6.662999999999999
07_INA,2000.0,1294.1089470942295,5287000.0,211.54
08_JPN,2000.0,4527.10184288363,79600000.0,127.53399999999999
09_ROK,2000.0,1028.1287802773247,40000000.0,47.387
10_MAS,2000.0,398.4645195369764,6761000.0,23.186
11_MEX,2000.0,1680.9067962030845,19800000.0,101.72
12_NZ,2000.0,112.27273341967293,960000.0,3.859
14_PE,2000.0,179.2190026385579,1098000.0,25.915
15_RP,2000.0,347.13463321797616,3309000.0,77.991
16_RUS,2000.0,2170.4068227431862,29412000.0,146.39600000000002
17_SIN,2000.0,219.4505173155209,3730000.0,3.9139999999999997
18_CT,2000.0,662.0000428048781,25300000.0,21.84
19_THA,2000.0,609.5887296953002,7177000.0,62.958
20_USA,2000.0,13672.251138380112,133262000.0,281.982
21_VN,2000.0,216.74500096695988,2934000.0,80.285
01_AUS,2001.0,727.7743744291494,6000000.0,19.269000000000002
03_CDA,2001.0,1235.1034576763811,16900000.0,31.025
04_CHL,2001.0,237.8291327005533,2278000.0,15.445
05_PRC,2001.0,5334.2513410479705,170648000.0,1290.938
06_HKC,2001.0,240.23449019470326,5057000.0,6.722
07_INA,2001.0,1341.2593723720145,5457000.0,214.50599999999997
08_JPN,2001.0,4545.497083045592,75200000.0,127.723
09_ROK,2001.0,1074.6547615097436,39700000.0,47.713
10_MAS,2001.0,400.5272719943089,8024000.0,23.699
11_MEX,2001.0,1674.1093750803302,18790000.0,103.06700000000001
12_NZ,2001.0,116.53645448016627,1000000.0,3.908
14_PE,2001.0,180.32638310192192,1023000.0,26.261999999999997
15_RP,2001.0,357.18066458503966,3386000.0,79.666
16_RUS,2001.0,2280.923595911167,31861000.0,145.815
17_SIN,2001.0,217.3607118394954,3547000.0,4.019
18_CT,2001.0,650.0596067701862,20910000.0,21.985
19_THA,2001.0,630.584451514175,8178000.0,63.543
20_USA,2001.0,13805.68982578028,114386000.0,284.85200000000003
21_VN,2001.0,230.16778763553023,4036000.0,81.14
01_AUS,2002.0,756.9073448126333,6800000.0,19.475
03_CDA,2002.0,1272.2802731681315,17671000.0,31.320999999999998
04_CHL,2002.0,245.2184137707142,2270000.0,15.623
05_PRC,2002.0,5821.302944795918,205720000.0,1298.647
06_HKC,2002.0,244.21430488688918,4966000.0,6.7589999999999995
07_INA,2002.0,1401.6090077594647,5248000.0,217.50799999999998
08_JPN,2002.0,4550.860441271894,73600000.0,127.902
09_ROK,2002.0,1154.5277632354007,45400000.0,48.004
10_MAS,2002.0,422.119650427079,7640000.0,24.199
11_MEX,2002.0,1673.442334880613,19673000.0,104.35600000000001
12_NZ,2002.0,122.43388875508602,1100000.0,3.964
14_PE,2002.0,190.1605345875724,1310000.0,26.601
15_RP,2002.0,370.2031262839088,4041000.0,81.352
16_RUS,2002.0,2389.123081900046,29260000.0,145.195
17_SIN,2002.0,226.5152637094493,3781000.0,4.131
18_CT,2002.0,685.9883296775987,24470000.0,22.143
19_THA,2002.0,669.3583315851985,10806000.0,64.07300000000001
20_USA,2002.0,14052.277074202771,118257000.0,287.507
21_VN,2002.0,244.71628146334572,5234000.0,81.956
01_AUS,2003.0,779.5066672931823,7000000.0,19.697
03_CDA,2003.0,1295.2102409860302,17233000.0,31.628
04_CHL,2003.0,255.25041600974942,2290000.0,15.8
05_PRC,2003.0,6405.505799291431,258570000.0,1306.344
06_HKC,2003.0,251.67827288954317,4851000.0,6.782
07_INA,2003.0,1468.6110919730352,5063000.0,220.546
08_JPN,2003.0,4620.407607449468,76400000.0,128.06799999999998
09_ROK,2003.0,1188.3925782685574,47500000.0,48.265
10_MAS,2003.0,446.5540433566179,6693000.0,24.688000000000002
11_MEX,2003.0,1697.6467150340925,20608000.0,105.64
12_NZ,2003.0,127.99271793122125,1100000.0,4.022
14_PE,2003.0,198.0807648499432,1200000.0,26.938000000000002
15_RP,2003.0,388.6035865880112,3881000.0,83.03200000000001
16_RUS,2003.0,2563.430021743732,32700000.0,144.585
17_SIN,2003.0,236.56195895819093,3645000.0,4.249
18_CT,2003.0,712.2631358532608,23830000.0,22.307
19_THA,2003.0,717.4807106901437,11896000.0,64.555
20_USA,2003.0,14446.693008459575,105767000.0,290.027
21_VN,2003.0,261.5994130961328,5230000.0,82.74799999999999
01_AUS,2004.0,810.6955515881316,7500000.0,19.949
03_CDA,2004.0,1335.1799265991315,19314000.0,31.95
04_CHL,2004.0,273.6527961105095,2690000.0,15.974
05_PRC,2004.0,7053.180804275417,296580000.0,1314.007
06_HKC,2004.0,273.57434663627026,5163000.0,6.803
07_INA,2004.0,1542.4950647527344,6175000.0,223.615
08_JPN,2004.0,4722.273174084665,80500000.0,128.213
09_ROK,2004.0,1246.6219185287914,49100000.0,48.498000000000005
10_MAS,2004.0,476.84575884657096,7709000.0,25.174
11_MEX,2004.0,1764.2044961348734,22298000.0,106.99600000000001
12_NZ,2004.0,132.17760640940253,1200000.0,4.081
14_PE,2004.0,207.902011683435,1090000.0,27.273000000000003
15_RP,2004.0,414.6307921697744,3284000.0,84.679
16_RUS,2004.0,2747.380457684711,35200000.0,144.045
17_SIN,2004.0,259.151675529653,3996000.0,4.37
18_CT,2004.0,759.2461296294334,26460000.0,22.462
19_THA,2004.0,762.6051428661292,14144000.0,65.002
20_USA,2004.0,14993.607656044644,123822000.0,292.539
21_VN,2004.0,281.31461902517015,6212000.0,83.52799999999999
01_AUS,2005.0,836.5593042414755,7400000.0,20.239
03_CDA,2005.0,1377.9241382599414,18014000.0,32.288000000000004
04_CHL,2005.0,289.36821232077943,2840000.0,16.147000000000002
05_PRC,2005.0,7856.945485460516,350170000.0,1321.6229999999998
06_HKC,2005.0,293.7866916008072,4204000.0,6.827999999999999
07_INA,2005.0,1630.3026961719015,7814000.0,226.713
08_JPN,2005.0,4800.789012602317,82900000.0,128.335
09_ROK,2005.0,1295.5353409139439,49000000.0,48.708999999999996
10_MAS,2005.0,502.2718381878468,7263000.0,25.66
11_MEX,2005.0,1804.9189321539056,22434000.0,108.473
12_NZ,2005.0,136.56445663620622,1200000.0,4.136
14_PE,2005.0,220.96877853482715,1265000.0,27.61
15_RP,2005.0,434.44047409659487,2890000.0,86.275
16_RUS,2005.0,2922.5585740102333,36200000.0,143.618
17_SIN,2005.0,278.5599525672356,3440000.0,4.4910000000000005
18_CT,2005.0,799.0434095494112,23890000.0,22.603
19_THA,2005.0,794.5417873692062,15273000.0,65.425
20_USA,2005.0,15495.176227830138,113265000.0,295.13
21_VN,2005.0,302.54613021590774,7653000.0,84.309
01_AUS,2006.0,860.2693400261559,7420000.0,20.573
03_CDA,2006.0,1414.0727740391815,20130000.0,32.646
04_CHL,2006.0,307.64811257409536,2770000.0,16.319000000000003
05_PRC,2006.0,8856.30801815078,393400000.0,1329.2089999999998
06_HKC,2006.0,314.44791832091704,2625000.0,6.861000000000001
07_INA,2006.0,1719.9848614411908,7494000.0,229.838
08_JPN,2006.0,4868.96053132329,83300000.0,128.433
09_ROK,2006.0,1362.594242929638,52210000.0,48.895
10_MAS,2006.0,530.3229522206193,7883000.0,26.144000000000002
11_MEX,2006.0,1886.051444081641,25480000.0,110.09200000000001
12_NZ,2006.0,140.0781411805417,1200000.0,4.186
14_PE,2006.0,237.6052947896055,1670000.0,27.95
15_RP,2006.0,457.21801592286016,3675000.0,87.809
16_RUS,2006.0,3160.8473992110235,41520000.0,143.32299999999998
17_SIN,2006.0,303.24091066040353,3000000.0,4.612
18_CT,2006.0,842.7259354315477,23790000.0,22.726
19_THA,2006.0,834.0139624971318,15360000.0,65.824
20_USA,2006.0,15908.374598924573,134040000.0,297.827
21_VN,2006.0,323.65766246732466,7148000.0,85.095
01_AUS,2007.0,892.7645435396338,8126000.0,20.947
03_CDA,2007.0,1443.2415275242486,18248000.0,33.02
04_CHL,2007.0,322.73925082493724,2765000.0,16.491
05_PRC,2007.0,10116.68357784957,435860000.0,1336.8
06_HKC,2007.0,334.7764523929912,2707000.0,6.898
07_INA,2007.0,1829.1182831950305,8694000.0,232.99
08_JPN,2007.0,4949.502091612902,85900000.0,128.506
09_ROK,2007.0,1437.0381676517136,57404000.0,49.062
10_MAS,2007.0,563.7268597046034,8947000.0,26.625999999999998
11_MEX,2007.0,1929.2692891964768,25111000.0,111.836
12_NZ,2007.0,145.3456649375627,1230000.0,4.2330000000000005
14_PE,2007.0,257.8454351596866,1805000.0,28.293000000000003
15_RP,2007.0,487.47058794066453,3950000.0,89.29299999999999
16_RUS,2007.0,3430.628260029958,46959000.0,143.15
17_SIN,2007.0,330.8707885577416,3800000.0,4.732
18_CT,2007.0,896.0114115471057,21700000.0,22.833000000000002
19_THA,2007.0,879.3433934047247,14160000.0,66.196
20_USA,2007.0,16191.316215153545,120381000.0,300.595
21_VN,2007.0,346.73285002562307,10833000.0,85.889
01_AUS,2008.0,925.4197882558003,8224000.0,21.343000000000004
03_CDA,2008.0,1457.6791525111414,16799000.0,33.405
04_CHL,2008.0,334.13043129018257,3005000.0,16.660999999999998
05_PRC,2008.0,11093.377485365392,465480000.0,1344.415
06_HKC,2008.0,341.90029704887166,1985000.0,6.94
07_INA,2008.0,1939.1160352414565,10587000.0,236.15900000000002
08_JPN,2008.0,4895.377276722343,83200000.0,128.55100000000002
09_ROK,2008.0,1477.6951845016947,61011000.0,49.218999999999994
10_MAS,2008.0,590.9648444024775,9873000.0,27.111
11_MEX,2008.0,1951.3321153017368,23984000.0,113.662
12_NZ,2008.0,143.09930927677377,1190000.0,4.2780000000000005
14_PE,2008.0,281.37787491174305,2514000.0,28.642
15_RP,2008.0,507.7140561412066,4134000.0,90.75200000000001
16_RUS,2008.0,3610.6660369821284,40896000.0,143.083
17_SIN,2008.0,336.7855017028233,4226000.0,4.851
18_CT,2008.0,886.0018956726103,20290000.0,22.929000000000002
19_THA,2008.0,894.517940148816,15655000.0,66.546
20_USA,2008.0,16144.098862625162,110500000.0,303.374
21_VN,2008.0,366.364070697136,9516000.0,86.70700000000001
01_AUS,2009.0,943.2130870983381,5916000.0,21.739
03_CDA,2009.0,1414.6836283574805,10591000.0,33.79
04_CHL,2009.0,328.9038312929066,1960000.0,16.829
05_PRC,2009.0,12136.134243389597,574420000.0,1352.068
06_HKC,2009.0,333.49279918602747,1703000.0,6.983
07_INA,2009.0,2028.8752185931785,8908000.0,239.34
08_JPN,2009.0,4630.223435457253,56000000.0,128.566
09_ROK,2009.0,1488.15002490979,47303000.0,49.379
10_MAS,2009.0,582.0204217185967,7727000.0,27.605
11_MEX,2009.0,1848.189692427339,17098000.0,115.505
12_NZ,2009.0,145.8411845537174,740000.0,4.324
14_PE,2009.0,284.46128023690017,1854000.0,29.000999999999998
15_RP,2009.0,513.5443002302829,3993000.0,92.221
16_RUS,2009.0,3328.279997520259,28477000.0,143.093
17_SIN,2009.0,334.7533773949502,3540000.0,4.966
18_CT,2009.0,881.8826126961783,13530000.0,23.017
19_THA,2009.0,888.3392064487839,12501000.0,66.881
20_USA,2009.0,15696.014624210069,69400000.0,306.07599999999996
21_VN,2009.0,386.1400278668769,12700000.0,87.565
01_AUS,2010.0,962.5767047501646,7716000.0,22.12
03_CDA,2010.0,1458.3055992042998,15656000.0,34.168
04_CHL,2010.0,348.12555432630995,2738000.0,16.993
05_PRC,2010.0,13426.950528322639,612063000.0,1359.755
06_HKC,2010.0,356.0625333251474,1929000.0,7.025
07_INA,2010.0,2155.149453705227,10744000.0,242.524
08_JPN,2010.0,4824.3103289625205,67400000.0,128.55200000000002
09_ROK,2010.0,1584.8320602715658,54573000.0,49.552
10_MAS,2010.0,625.2345498260061,9668000.0,28.112
11_MEX,2010.0,1942.7822243964295,20648000.0,117.319
12_NZ,2010.0,147.2444059954131,971000.0,4.37
14_PE,2010.0,308.16390008929886,2832000.0,29.374000000000002
15_RP,2010.0,552.7393609889741,4650000.0,93.727
16_RUS,2010.0,3478.176596667829,41444000.0,143.154
17_SIN,2010.0,385.77105425048865,3350000.0,5.074
18_CT,2010.0,971.6179611200791,21350000.0,23.101999999999997
19_THA,2010.0,955.08537807565,16378000.0,67.209
20_USA,2010.0,16093.425254396423,92400000.0,308.642
21_VN,2010.0,410.9427217086322,12293000.0,88.47200000000001
01_AUS,2011.0,986.1704712850284,6672000.0,22.48
03_CDA,2011.0,1504.1141717848457,15746000.0,34.539
04_CHL,2011.0,369.39922437467203,3148000.0,17.153
05_PRC,2011.0,14707.404013175938,667941000.0,1367.48
06_HKC,2011.0,373.2058308314354,1886000.0,7.065
07_INA,2011.0,2288.117524352482,13148000.0,245.707
08_JPN,2011.0,4818.7420453487875,69600000.0,128.506
09_ROK,2011.0,1643.1806410741315,58741000.0,49.745
10_MAS,2011.0,658.3339219407883,9578000.0,28.635
11_MEX,2011.0,2013.9464913290055,23140000.0,119.09
12_NZ,2011.0,151.21381846874078,931000.0,4.418
14_PE,2011.0,327.6620229602576,2833000.0,29.76
15_RP,2011.0,572.9682486034266,5940000.0,95.27799999999999
16_RUS,2011.0,3661.994244348428,47981000.0,143.264
17_SIN,2011.0,410.2701132241721,4900000.0,5.176
18_CT,2011.0,997.9045914714656,21715000.0,23.185
19_THA,2011.0,963.1077081786116,16881000.0,67.53
20_USA,2011.0,16351.154165093647,101000000.0,311.052
21_VN,2011.0,436.58679166771867,11276000.0,89.43700000000001
01_AUS,2012.0,1024.551634586286,7152000.0,22.822
03_CDA,2012.0,1530.3680677607326,17305000.0,34.900999999999996
04_CHL,2012.0,389.046194955576,3457000.0,17.31
05_PRC,2012.0,15862.856222067341,687609000.0,1375.1989999999998
06_HKC,2012.0,379.55147867404287,1991000.0,7.106
07_INA,2012.0,2426.092170072391,15006000.0,248.88299999999998
08_JPN,2012.0,4890.786555842008,68800000.0,128.42600000000002
09_ROK,2012.0,1680.8488787002234,56322000.0,49.953
10_MAS,2012.0,694.3675275905579,10374000.0,29.171
11_MEX,2012.0,2087.300921133934,23714000.0,120.829
12_NZ,2012.0,154.99328172089247,974000.0,4.467
14_PE,2012.0,347.77956913483155,3130000.0,30.159000000000002
15_RP,2012.0,611.2644085884792,6986000.0,96.866
16_RUS,2012.0,3795.8731495318334,49488000.0,143.421
17_SIN,2012.0,427.0226631172801,4782000.0,5.271
18_CT,2012.0,1016.2307502286644,21332000.0,23.264
19_THA,2012.0,1032.86354426239,19047000.0,67.844
20_USA,2012.0,16714.808878687076,108300000.0,313.336
21_VN,2012.0,459.49610358133737,12740000.0,90.45200000000001
01_AUS,2013.0,1051.594494220124,6376000.0,23.151
03_CDA,2013.0,1568.2447058892649,16445000.0,35.256
04_CHL,2013.0,404.7831302631086,3105000.0,17.463
05_PRC,2013.0,17093.438731536888,772340000.0,1382.793
06_HKC,2013.0,391.32322539044884,2436000.0,7.149
07_INA,2013.0,2560.9165092993153,15237000.0,252.033
08_JPN,2013.0,4988.615386495454,70800000.0,128.313
09_ROK,2013.0,1729.5297068762252,53919000.0,50.169
10_MAS,2013.0,726.9592126060304,11685000.0,29.706
11_MEX,2013.0,2115.5648951196745,22904000.0,122.536
12_NZ,2013.0,158.12106163153197,1016000.0,4.518
14_PE,2013.0,368.1334317520608,3235000.0,30.566
15_RP,2013.0,654.4442747272374,7796000.0,98.48100000000001
16_RUS,2013.0,3863.642941656346,49671000.0,143.59799999999998
17_SIN,2013.0,448.84816404596046,5345000.0,5.361000000000001
18_CT,2013.0,1040.1503310095854,22285000.0,23.34
19_THA,2013.0,1060.6205117402114,20732000.0,68.143
20_USA,2013.0,16995.171638175918,106300000.0,315.536
21_VN,2013.0,484.40944466713285,13685000.0,91.49700000000001
01_AUS,2014.0,1078.497830754182,7142000.0,23.474
03_CDA,2014.0,1613.0296847757104,17527000.0,35.605
04_CHL,2014.0,411.9345948633689,3031000.0,17.614
05_PRC,2014.0,18340.860791136,739980000.0,1390.11
06_HKC,2014.0,402.13320325885337,2727000.0,7.194
07_INA,2014.0,2689.133107580351,15483000.0,255.13099999999997
08_JPN,2014.0,5007.308699948228,72900000.0,128.162
09_ROK,2014.0,1787.3210385476586,57834000.0,50.386
10_MAS,2014.0,770.6256311971382,11720000.0,30.228
11_MEX,2014.0,2175.758719185878,26073000.0,124.22200000000001
12_NZ,2014.0,163.72643969532464,1140000.0,4.567
14_PE,2014.0,376.88036629334505,3392000.0,30.973000000000003
15_RP,2014.0,694.6618307962407,8517000.0,100.102
16_RUS,2014.0,3892.1798382966963,49423000.0,143.761
17_SIN,2014.0,466.28092090956187,4791000.0,5.4479999999999995
18_CT,2014.0,1083.8119337954518,23469000.0,23.414
19_THA,2014.0,1071.0614092216808,20544000.0,68.417
20_USA,2014.0,17431.8104992254,121600000.0,317.719
21_VN,2014.0,513.3948328649196,16226000.0,92.545
01_AUS,2015.0,1103.854786265678,6968000.0,23.8
03_CDA,2015.0,1629.1742165149433,14827000.0,35.949
04_CHL,2015.0,421.43074651696503,3215000.0,17.762999999999998
05_PRC,2015.0,19606.41775087468,700351000.0,1397.029
06_HKC,2015.0,411.7355237028405,3773000.0,7.246
07_INA,2015.0,2820.263904987923,13656000.0,258.16200000000003
08_JPN,2015.0,5075.098802516458,67800000.0,127.975
09_ROK,2015.0,1837.191516588236,58125000.0,50.593999999999994
10_MAS,2015.0,809.3727368604573,11629000.0,30.723000000000003
11_MEX,2015.0,2246.9163017016667,27707000.0,125.891
12_NZ,2015.0,170.98655293276482,1067000.0,4.615
14_PE,2015.0,389.1341400587422,4084000.0,31.377
15_RP,2015.0,736.8038304751312,10186000.0,101.71600000000001
16_RUS,2015.0,3782.0996195767134,44746000.0,143.888
17_SIN,2015.0,476.7305466420567,5019000.0,5.535
18_CT,2015.0,1103.089,21032000.0,23.486
19_THA,2015.0,1103.4093273543838,19403000.0,68.657
20_USA,2015.0,17930.63692674131,108333000.0,319.92900000000003
21_VN,2015.0,547.6859563793315,20510000.0,93.572
01_AUS,2016.0,1135.0641886635358,6478000.0,24.125
03_CDA,2016.0,1652.2124138409122,16717000.0,36.29
04_CHL,2016.0,426.7655018062101,3172000.0,17.91
05_PRC,2016.0,20920.047740183265,708637000.0,1403.5
06_HKC,2016.0,420.64104726063744,3231000.0,7.303
07_INA,2016.0,2962.21567254497,15214000.0,261.115
08_JPN,2016.0,5122.713069212946,67500000.0,127.749
09_ROK,2016.0,1891.0084557714786,59520000.0,50.791000000000004
10_MAS,2016.0,843.5270629777016,11925000.0,31.186999999999998
11_MEX,2016.0,2312.37634966866,28421000.0,127.541
12_NZ,2016.0,176.92227731082139,999000.0,4.6610000000000005
14_PE,2016.0,404.5100331057725,3820000.0,31.774
15_RP,2016.0,787.4643606627269,11253000.0,103.32
16_RUS,2016.0,3773.5932620957897,43424000.0,143.965
17_SIN,2016.0,488.15788014178077,3540000.0,5.622999999999999
18_CT,2016.0,1118.8061166549307,21932000.0,23.557
19_THA,2016.0,1139.630758588905,22340000.0,68.86399999999999
20_USA,2016.0,18196.9569462209,102570000.0,322.17900000000003
21_VN,2016.0,581.7016996615882,25088000.0,94.569
